pm2_5,pm10,carbon_monoxide,nitrogen_dioxide,sulphur_dioxide,ozone,timestamp,event_id,aqi,hour,day,month,weekday,pm2_5_lag1,pm2_5_lag2,pm2_5_roll3
26.8,36.3,495.0,15.7,24.7,137.0,2026-02-13 12:00:00+00:00,1770984000,81.91416309012877,12,13,2,4,42.1,45.5,38.13333333333333
26.2,35.5,576.0,25.6,21.9,109.0,2026-02-13 13:00:00+00:00,1770987600,80.65236051502146,13,13,2,4,26.8,42.1,31.7
28.3,38.4,697.0,39.2,18.0,72.0,2026-02-13 14:00:00+00:00,1770991200,85.06866952789701,14,13,2,4,26.2,26.8,27.099999999999998
30.0,41.9,796.0,48.0,14.9,44.0,2026-02-13 15:00:00+00:00,1770994800,88.64377682403433,15,13,2,4,28.3,26.2,28.166666666666668
29.7,42.6,870.0,48.0,13.7,37.0,2026-02-13 16:00:00+00:00,1770998400,88.01287553648069,16,13,2,4,30.0,28.3,29.333333333333332
29.2,42.1,921.0,43.3,13.4,40.0,2026-02-13 17:00:00+00:00,1771002000,86.96137339055795,17,13,2,4,29.7,30.0,29.633333333333336
29.0,40.7,896.0,38.0,12.9,44.0,2026-02-13 18:00:00+00:00,1771005600,86.54077253218884,18,13,2,4,29.2,29.7,29.3
28.3,38.4,727.0,32.9,11.8,47.0,2026-02-13 19:00:00+00:00,1771009200,85.06866952789701,19,13,2,4,29.0,29.2,28.833333333333332
26.1,34.5,481.0,27.2,10.5,52.0,2026-02-13 20:00:00+00:00,1771012800,80.44206008583691,20,13,2,4,28.3,29.0,27.8
23.3,30.0,304.0,22.3,9.6,55.0,2026-02-13 21:00:00+00:00,1771016400,74.55364806866953,21,13,2,4,26.1,28.3,25.900000000000002
21.0,26.4,201.0,17.5,8.9,57.0,2026-02-13 22:00:00+00:00,1771020000,69.71673819742489,22,13,2,4,23.3,26.1,23.46666666666667
19.3,23.8,168.0,13.5,8.5,58.0,2026-02-13 23:00:00+00:00,1771023600,66.14163090128756,23,13,2,4,21.0,23.3,21.2
21.6,28.2,332.0,15.7,9.4,51.0,2026-02-14 00:00:00+00:00,1771027200,70.9785407725322,0,14,2,5,19.3,21.0,20.633333333333333
23.7,30.4,916.0,25.1,12.1,37.0,2026-02-14 01:00:00+00:00,1771030800,75.39484978540773,1,14,2,5,21.6,19.3,21.533333333333335
30.0,37.0,1699.0,37.7,15.9,20.0,2026-02-14 02:00:00+00:00,1771034400,88.64377682403433,2,14,2,5,23.7,21.6,25.099999999999998
44.5,50.9,2142.0,44.9,19.5,15.0,2026-02-14 03:00:00+00:00,1771038000,123.1608040201005,3,14,2,5,30.0,23.7,32.73333333333333
41.0,45.5,1928.0,41.8,22.4,35.0,2026-02-14 04:00:00+00:00,1771041600,114.5427135678392,4,14,2,5,44.5,30.0,38.5
30.7,39.1,1375.0,33.3,25.0,67.0,2026-02-14 05:00:00+00:00,1771045200,90.11587982832619,5,14,2,5,41.0,44.5,38.73333333333333
26.4,34.9,897.0,25.1,27.1,96.0,2026-02-14 06:00:00+00:00,1771048800,81.07296137339056,6,14,2,5,30.7,41.0,32.699999999999996
22.7,29.3,634.0,18.6,28.6,117.0,2026-02-14 07:00:00+00:00,1771052400,73.29184549356223,7,14,2,5,26.4,30.7,26.599999999999994
21.4,27.4,446.0,12.5,29.6,134.0,2026-02-14 08:00:00+00:00,1771056000,70.55793991416309,8,14,2,5,22.7,26.4,23.499999999999996
20.8,26.7,328.0,8.8,29.5,142.0,2026-02-14 09:00:00+00:00,1771059600,69.2961373390558,9,14,2,5,21.4,22.7,21.63333333333333
20.2,26.0,289.0,7.7,28.0,139.0,2026-02-14 10:00:00+00:00,1771063200,68.0343347639485,10,14,2,5,20.8,21.4,20.799999999999997
19.0,24.6,320.0,9.1,25.4,127.0,2026-02-14 11:00:00+00:00,1771066800,65.5107296137339,11,14,2,5,20.2,20.8,19.999999999999996
18.2,23.6,383.0,14.3,23.0,110.0,2026-02-14 12:00:00+00:00,1771070400,63.82832618025751,12,14,2,5,19.0,20.2,19.13333333333333
20.1,26.2,493.0,26.8,20.9,83.0,2026-02-14 13:00:00+00:00,1771074000,67.82403433476395,13,14,2,5,18.2,19.0,19.099999999999998
25.3,31.5,635.0,43.1,18.9,50.0,2026-02-14 14:00:00+00:00,1771077600,78.75965665236052,14,14,2,5,20.1,18.2,21.2
28.2,35.4,731.0,54.4,17.3,26.0,2026-02-14 15:00:00+00:00,1771081200,84.85836909871244,15,14,2,5,25.3,20.1,24.53333333333333
29.6,38.0,753.0,56.7,16.5,18.0,2026-02-14 16:00:00+00:00,1771084800,87.80257510729615,16,14,2,5,28.2,25.3,27.7
30.5,40.2,730.0,54.1,16.0,20.0,2026-02-14 17:00:00+00:00,1771088400,89.69527896995709,17,14,2,5,29.6,28.2,29.433333333333334
30.7,41.2,665.0,49.6,15.2,23.0,2026-02-14 18:00:00+00:00,1771092000,90.11587982832619,18,14,2,5,30.5,29.6,30.266666666666662
30.5,42.5,530.0,43.6,13.5,26.0,2026-02-14 19:00:00+00:00,1771095600,89.69527896995709,19,14,2,5,30.7,30.5,30.566666666666663
29.0,41.4,355.0,35.7,11.4,32.0,2026-02-14 20:00:00+00:00,1771099200,86.54077253218884,20,14,2,5,30.5,30.7,30.066666666666663
28.1,41.2,228.0,28.6,9.6,36.0,2026-02-14 21:00:00+00:00,1771102800,84.6480686695279,21,14,2,5,29.0,30.5,29.2
28.4,41.4,197.0,21.8,8.0,39.0,2026-02-14 22:00:00+00:00,1771106400,85.27896995708154,22,14,2,5,28.1,29.0,28.5
30.9,43.2,215.0,15.8,6.6,41.0,2026-02-14 23:00:00+00:00,1771110000,90.53648068669528,23,14,2,5,28.4,28.1,29.13333333333333
